Ticker,SmartScore,Market Capitalization,Sector,Industry
KEP,,17669869575.073086,Utilities,Electric Utilities
KEN,7,2483916075.0,Utilities,Electric Utilities
KDP,,44352914707.0,Consumer Non-Durables,Beverages: Non-Alcoholic
KD,,8740810088.0,Technology Services,Data Processing Services
KC,9,4171480413.04512,Technology Services,Data Processing Services
KBR,,6063864069.999999,Technology Services,Information Technology Services
KBH,2,3760453173.0,Consumer Durables,Homebuilding
KBDC,,1097982781.7,Finance,Investment Managers
KB,,28285347490.850643,Finance,Regional Banks
KARO,,1412135412.0,Technology Services,Packaged Software
KAR,,2645933489.0,Technology Services,Packaged Software
KALU,,1250717710.0,Non-Energy Minerals,Aluminum
KAI,,3918652747.0,Producer Manufacturing,Industrial Machinery
K,6,27696145507.000004,Consumer Non-Durables,Food: Specialty/Candy
JXN/PA,,6255156842.0,Finance,Life/Health Insurance
JXN,,6255156842.0,Finance,Life/Health Insurance
JSM,,1286637589.0,Finance,Finance/Rental/Leasing
JPM/PM,4,823278922333.0,Finance,Major Banks
JPM/PL,4,823278922333.0,Finance,Major Banks
JPM/PK,,823278922333.0,Finance,Major Banks
JPM/PJ,,823278922333.0,Finance,Major Banks
JPM/PD,,823278922333.0,Finance,Major Banks
JPM/PC,4,823278922333.0,Finance,Major Banks
JPM,4,823278922333.0,Finance,Major Banks
JPC,,2596119000.0,Miscellaneous,Investment Trusts/Mutual Funds
JOYY,7,2604234789.0,Technology Services,Data Processing Services
JOE,,2924364836.0,Finance,Real Estate Development
JOBY,,13191355137.000002,Electronic Technology,Aerospace & Defense
JNJ,,396749758210.0,Health Technology,Pharmaceuticals: Major
JLL,,12835064524.0,Finance,Real Estate Development
JKS,,1099709617.0,Electronic Technology,Semiconductors
JKHY,,12365246948.0,Technology Services,Packaged Software
JJSF,,2196330267.0,Consumer Non-Durables,Food: Specialty/Candy
JHX,,15364657681.0375,Non-Energy Minerals,Construction Materials
JHG,,6822253293.0,Finance,Investment Managers
JFR,,1142157120.0,Miscellaneous,Investment Trusts/Mutual Funds
JEF,,11894117016.0,Finance,Investment Banks/Brokers
JD,,45126284912.25664,Retail Trade,Internet Retail
JCI,,69094966736.0,Producer Manufacturing,Industrial Machinery
JCAP,,1091237299.6,Finance,Financial Conglomerates
JBTM,,7161292857.0,Producer Manufacturing,Industrial Machinery
JBS,,15305003198.000002,Consumer Non-Durables,Food: Meat/Fish/Dairy
JBLU,,1614670084.0,Transportation,Airlines
JBL,,23950343630.0,Producer Manufacturing,Industrial Machinery
JBI,,1199471207.0,Producer Manufacturing,Building Products
JBHT,,13943936329.000002,Transportation,Trucking
JBGS,,1307321509.0,Finance,Real Estate Investment Trusts
JAZZ,,6936378132.0,Health Technology,Pharmaceuticals: Major
JANX,,1421091327.0000002,Health Technology,Biotechnology
JAMF,,1047005728.0,Technology Services,Packaged Software
J,,17021822262.000002,Technology Services,Data Processing Services
IX,,24392370370.60381,Finance,Finance/Rental/Leasing
IVZ,,9403157428.0,Finance,Investment Managers
IVT,,2139608412.0,Finance,Real Estate Investment Trusts
ITW,,74999210358.0,Producer Manufacturing,Auto Parts: OEM
ITUB,,63660582846.6192,Finance,Major Banks
ITT,,13375852010.0,Producer Manufacturing,Auto Parts: OEM
ITRI,,5677538268.999999,Electronic Technology,Electronic Equipment/Instruments
ITGR,,3801628040.0,Health Technology,Medical Specialties
IT,,26064851798.0,Technology Services,Internet Software/Services
ISRG,,172459458777.0,Health Technology,Medical Specialties
IRTC,,4475283859.0,Health Technology,Medical Specialties
IRT,,4020215207.0,Finance,Real Estate Investment Trusts
IRS,,1117314122.063274,Finance,Real Estate Development
IRON,,2069745496.0,Health Technology,Biotechnology
IRM,,28725475725.0,Finance,Real Estate Investment Trusts
IREN,,3881954628.0,Technology Services,Data Processing Services
IRDM,,2595546437.9999995,Communications,Specialty Telecommunications
IR,,34145047829.000004,Producer Manufacturing,Industrial Machinery
IQV,,31596200104.0,Health Technology,Biotechnology
IQ,,1771628567.0,Technology Services,Internet Software/Services
IPX,,1274387533.235,Non-Energy Minerals,Precious Metals
IPGP,,3185420686.9999995,Electronic Technology,Semiconductors
IPG,,9010153283.0,Commercial Services,Advertising/Marketing Services
IPAR,,3873382449.000001,Consumer Non-Durables,Household/Personal Care
IP,,24674116494.0,Process Industries,Pulp & Paper
IOT,,21651845631.0,Technology Services,Packaged Software
IOSP,,1994303813.0,Process Industries,Chemicals: Major Diversified
IONS,,6850635222.0,Health Technology,Pharmaceuticals: Major
IONQ,,10431306038.999998,Electronic Technology,Computer Processing Hardware
INVX,,1132630865.0,Industrial Services,Oilfield Services/Equipment
INVH,,18786898933.0,Finance,Real Estate Investment Trusts
INVA,,1140624902.0,Health Technology,Pharmaceuticals: Major
INTU,,219009652380.00003,Technology Services,Packaged Software
INTR,,2875485352.0,Finance,Major Banks
INTC,,86664596661.0,Electronic Technology,Semiconductors
INTA,,3242257539.0,Technology Services,Packaged Software
INSW,,1968594392.0,Transportation,Marine Shipping
INSP,,3673173221.0,Health Technology,Medical Specialties
INSM,,20377987678.000004,Health Technology,Pharmaceuticals: Major
INOD,,1742817558.0,Technology Services,Data Processing Services
INGR,,8459470122.000001,Consumer Non-Durables,Food: Specialty/Candy
INGM,,4630985890.0,Technology Services,Information Technology Services
ING,,69703256364.61105,Finance,Major Banks
INFY,,71608296733.1806,Technology Services,Information Technology Services
INFA,,8612726649.0,Technology Services,Packaged Software
INDV,,2520344626.0,Health Technology,Pharmaceuticals: Major
INDB,,3179205900.0,Finance,Regional Banks
INCY,,14624229878.999998,Health Technology,Pharmaceuticals: Major
IMVT,,2750792210.0,Health Technology,Biotechnology
IMO,,42489984274.39955,Energy Minerals,Integrated Oil
IMKTA,,1169887293.0,Retail Trade,Food Retail
IMCR,,1644549660.0,Health Technology,Biotechnology
IMAX,,1387051248.0,Consumer Durables,Electronics/Appliances
ILMN,,16258993168.999998,Health Technology,Medical Specialties
IIPR/PA,,1448180538.0,Finance,Real Estate Investment Trusts
IIPR,,1448180538.0,Finance,Real Estate Investment Trusts
IHS,,2167366165.0,Industrial Services,Engineering & Construction
IHG,,17756160202.9942,Consumer Services,Hotels/Resorts/Cruise lines
IGIC,,1075848148.0,Finance,Financial Conglomerates
IFS,,4163043869.58695,Finance,Regional Banks
IFF,,18168787839.0,Consumer Non-Durables,Food: Specialty/Candy
IEX,,12310223532.0,Producer Manufacturing,Industrial Machinery
IESC,,7009998765.0,Industrial Services,Engineering & Construction
IEP,,4985766343.999999,Energy Minerals,Oil Refining/Marketing
IE,,1267563484.0,Non-Energy Minerals,Other Metals/Minerals
IDYA,,2132620822.0,Health Technology,Pharmaceuticals: Major
IDXX,,42970232216.99999,Health Technology,Medical Specialties
IDT,,1486295259.0,Communications,Major Telecommunications
IDCC,,6696865333.0,Technology Services,Packaged Software
IDA,,6770416160.0,Utilities,Electric Utilities
ICUI,,3160418865.0,Health Technology,Medical Specialties
ICLR,,13158267351.000002,Commercial Services,Miscellaneous Commercial Services
ICL,,8092343482.000001,Process Industries,Chemicals: Agricultural
ICFI,,1544508479.9999998,Commercial Services,Miscellaneous Commercial Services
ICE,,106023335422.99998,Finance,Investment Banks/Brokers
IBTA,,1034076557.0,Technology Services,Packaged Software
IBRX,,2244135185.0,Health Technology,Pharmaceuticals: Major
IBP,,5586328789.999999,Industrial Services,Engineering & Construction
IBOC,,4236837301.0,Finance,Regional Banks
IBN,,120824611620.70853,Finance,Regional Banks
IBM,,235814086395.0,Technology Services,Information Technology Services
IBKR,,28935727838.0,Finance,Investment Banks/Brokers
IAS,,1353133599.0,Technology Services,Packaged Software
IART,,1021139289.0,Health Technology,Medical Specialties
IAG,,3887675692.3333335,Non-Energy Minerals,Precious Metals
IAC,,3137781720.9999995,Technology Services,Internet Software/Services
HXL,,4766640098.0,Electronic Technology,Aerospace & Defense
HWM/P,,72568489696.0,Electronic Technology,Aerospace & Defense
HWM,,72568489696.0,Electronic Technology,Aerospace & Defense
HWKN,,3408817844.0,Process Industries,Chemicals: Specialty
HWCPZ,,5114611776.0,Finance,Regional Banks
HWC,,5114611776.0,Finance,Regional Banks
HUT,,2446185115.971798,Technology Services,Data Processing Services
HURN,,2278120299.0000005,Commercial Services,Miscellaneous Commercial Services
HUN,,1685332488.0,Process Industries,Chemicals: Major Diversified
HUM,,30052319093.0,Finance,Life/Health Insurance
HUBS,,27405078448.000004,Technology Services,Packaged Software
HUBG,,2144780302.0,Transportation,Air Freight/Couriers
HUBB,,23247690855.0,Producer Manufacturing,Electrical Products
HTZ,,1982683884.0,Finance,Finance/Rental/Leasing
HTO,,1704013070.0,Utilities,Water Utilities
HTHT,,9337066241.04448,Consumer Services,Hotels/Resorts/Cruise lines
HTH,,1864852078.0,Finance,Regional Banks
HTGC,,3290994279.9999995,Finance,Investment Managers
HSY,,37733111202.0,Consumer Non-Durables,Food: Specialty/Candy
HST,,10905190813.0,Finance,Real Estate Investment Trusts
HSIC,,8234327300.999999,Distribution Services,Medical Distributors
HSBC,,212184828709.73883,Finance,Major Banks
HSAI,,2574209452.0,Producer Manufacturing,Auto Parts: OEM
HROWM,,1165577858.0,Health Technology,Pharmaceuticals: Major
HROWL,,1165577858.0,Health Technology,Pharmaceuticals: Major
HROW,,1165577858.0,Health Technology,Pharmaceuticals: Major
HRMY,,2020187603.0,Health Technology,Pharmaceuticals: Major
HRL,,15446539181.0,Consumer Non-Durables,Food: Meat/Fish/Dairy
HRI,,3882363034.000001,Finance,Finance/Rental/Leasing
HRB,,7275061044.0,Consumer Services,Other Consumer Services
HR,,5397863786.0,Finance,Real Estate Investment Trusts
HQY,,8388108894.000001,Finance,Investment Managers
HPQ,,23293966910.0,Technology Services,Information Technology Services
HPK,,1256892372.9999998,Energy Minerals,Oil & Gas Production
HPE/PC,,27149740972.0,Electronic Technology,Computer Processing Hardware
HPE,,27149740972.0,Electronic Technology,Computer Processing Hardware
HP,,1611543292.0,Industrial Services,Contract Drilling
HOPE,,1279280170.0,Finance,Major Banks
HOOD,,91027512046.00002,Finance,Investment Banks/Brokers
HON,,141169250747.0,Electronic Technology,Aerospace & Defense
HOMB,,5560584189.0,Finance,Regional Banks
HOLX,,14890519227.0,Health Technology,Medical Specialties
HOG,,2955794652.0,Consumer Durables,Motor Vehicles
HNI,,2356169711.0,Producer Manufacturing,Office Equipment/Supplies
HNGE,,3506814510.0000005,Electronic Technology,Electronic Equipment/Instruments
HMY,,8286735084.5165,Non-Energy Minerals,Precious Metals
HMN,,1734335334.0000002,Finance,Property/Casualty Insurance
HMC,,50200033379.518684,Consumer Durables,Motor Vehicles
HLT,,63050738978.0,Consumer Services,Hotels/Resorts/Cruise lines
HLNE,,8480015783.0,Finance,Investment Managers
HLN,,42629694417.85631,Health Technology,Pharmaceuticals: Major
HLMN,,1558342634.0,Distribution Services,Wholesale Distributors
HLIO,,1222944203.0,Producer Manufacturing,Industrial Machinery
HLI,,13410100759.0,Finance,Investment Banks/Brokers
HL/PB,,3630912809.0,Non-Energy Minerals,Precious Metals
HL,,3630912809.0,Non-Energy Minerals,Precious Metals
HIW,,3135198141.0,Finance,Real Estate Investment Trusts
HIMX,,1549613940.0,Electronic Technology,Semiconductors
HIMS,,14813170472.0,Health Services,Medical/Nursing Services
HII,,10942223755.0,Electronic Technology,Aerospace & Defense
HIG/PG,,34974942787.0,Finance,Property/Casualty Insurance
HIG,,34974942786.99999,Finance,Property/Casualty Insurance
HI,,1459100586.9999998,Producer Manufacturing,Industrial Conglomerates
HHH,,3463382434.0000005,Finance,Real Estate Development
HGV,,4108472160.0,Finance,Real Estate Development
HGTY,,3472175384.0000005,Finance,Property/Casualty Insurance
HG,,2207268858.0,Finance,Multi-Line Insurance
HESM,,9144076299.0,Energy Minerals,Integrated Oil
HEI.A,,39683780266.00001,Electronic Technology,Aerospace & Defense
HEI,,39683780266.0,Electronic Technology,Aerospace & Defense
HE,,1849138542.0,Utilities,Electric Utilities
HDL,,1338404833.58592,Consumer Services,Restaurants
HDB,,176985454116.65585,Finance,Major Banks
HD,,365645991100.0,Retail Trade,Home Improvement Chains
HCXY,,3290994280.0,Finance,Investment Managers
HCM,,3132233927.1155195,Health Technology,Pharmaceuticals: Major
HCI,,1617139419.9999998,Finance,Property/Casualty Insurance
HCC,,2700496079.0,Energy Minerals,Coal
HCA,,85160757317.0,Health Services,Hospital/Nursing Management
HBM,,3661669139.0178847,Non-Energy Minerals,Other Metals/Minerals
HBI,,1446385966.0,Consumer Non-Durables,Apparel/Footwear
HBANP,,24084513220.0,Finance,Major Banks
HBANM,,24084513220.0,Finance,Major Banks
HBANL,,24084513220.0,Finance,Major Banks
HBAN,,24084513220.0,Finance,Major Banks
HAYW,,3332946890.0000005,Consumer Durables,Recreational Products
HASI,,3140598190.0,Finance,Investment Managers
HAS,,10532125806.000002,Consumer Durables,Recreational Products
HALO,,7389563561.0,Health Technology,Biotechnology
HAL,,19098286979.0,Industrial Services,Oilfield Services/Equipment
HAFN,,2780122574.702485,Transportation,Marine Shipping
HAE,,3556659149.0000005,Health Technology,Medical Specialties
H,,13456473082.0,Consumer Services,Hotels/Resorts/Cruise lines
GXO,,5687767942.0,Transportation,Air Freight/Couriers
GWW,,49938687529.0,Distribution Services,Wholesale Distributors
GWRE,,19046644711.0,Technology Services,Information Technology Services
GVA,,4131914040.0,Industrial Services,Engineering & Construction
GTY,,1572708031.0,Finance,Real Estate Investment Trusts
GTX,,2628543922.0,Producer Manufacturing,Auto Parts: OEM
GTM,,3562108204.0,Technology Services,Packaged Software
GTLS/PB,,8936495529.0,Producer Manufacturing,Industrial Machinery
GTLS,,8936495529.0,Producer Manufacturing,Industrial Machinery
GTLB,,7237412494.0,Technology Services,Packaged Software
GTES,,6388086400.000001,Producer Manufacturing,Industrial Machinery
GT,,2937028990.0,Consumer Durables,Automotive Aftermarket
GSL/PB,,1015467115.0,Transportation,Marine Shipping
GSL,,1015467115.0,Transportation,Marine Shipping
GSK,,75523821619.84221,Health Technology,Pharmaceuticals: Major
GSHD,,3414393914.0,Finance,Insurance Brokers/Services
GSBD,,1316074821.0,Miscellaneous,Investment Trusts/Mutual Funds
GSAT,,2973437512.9999995,Communications,Wireless Telecommunications
GS/PD,,222027178232.0,Finance,Investment Banks/Brokers
GS/PC,,222027178232.0,Finance,Investment Banks/Brokers
GS/PA,,222027178232.0,Finance,Investment Banks/Brokers
GS,,222027178232.0,Finance,Investment Banks/Brokers
GRPN,,1227929740.0000002,Retail Trade,Internet Retail
GRP.U,,3234911827.8038096,Finance,Real Estate Investment Trusts
GRND,,3429497440.0,Technology Services,Internet Software/Services
GRMN,,42109973751.99999,Electronic Technology,Telecommunications Equipment
GRFS,,9075898495.85276,Health Technology,Pharmaceuticals: Major
GRDN,,1352767247.0,Retail Trade,Drugstore Chains
GRC,,1083036549.0,Producer Manufacturing,Industrial Machinery
GRBK/PA,,2698422098.0,Consumer Durables,Homebuilding
GRBK,,2698422098.0,Consumer Durables,Homebuilding
GRAL,,1230653117.0,Health Technology,Medical Specialties
GRAB,,19939656143.0,Transportation,Air Freight/Couriers
GPOR,,3093548628.0000005,Energy Minerals,Oil & Gas Production
GPN,,19498206866.0,Commercial Services,Miscellaneous Commercial Services
GPK,,6624121520.999999,Process Industries,Containers/Packaging
GPI,,5333082785.0,Retail Trade,Specialty Stores
GPCR,,1024152623.0,Health Technology,Pharmaceuticals: Major
GPC,,17926216357.000004,Distribution Services,Wholesale Distributors
GOOS,,1062481613.7029704,Consumer Non-Durables,Apparel/Footwear
GOOGL,,2326435162628.0,Technology Services,Internet Software/Services
GOOG,,2326435162628.0005,Technology Services,Internet Software/Services
GOLF,,4678969642.0,Consumer Durables,Recreational Products
GOGO,,2097700339.0,Communications,Wireless Telecommunications
GOGL,,1627130814.0,Transportation,Marine Shipping
GOF,,2416601280.0,Miscellaneous,Investment Trusts/Mutual Funds
GO,,1291115077.0,Retail Trade,Food Retail
GNW,,3257631841.0,Finance,Multi-Line Insurance
GNTX,,5939303982.000001,Producer Manufacturing,Auto Parts: OEM
GNRC,,11502606540.0,Producer Manufacturing,Electrical Products
GNL/PE,,1560229043.0,Finance,Real Estate Investment Trusts
GNL/PD,,1560229043.0,Finance,Real Estate Investment Trusts
GNL/PB,,1560229043.0,Finance,Real Estate Investment Trusts
GNL/PA,,1560229043.0,Finance,Real Estate Investment Trusts
GNL,,1560229043.0,Finance,Real Estate Investment Trusts
GMS,,4166837343.999999,Distribution Services,Wholesale Distributors
GMED,,7125016343.0,Health Technology,Medical Specialties
GME,,10042700360.0,Retail Trade,Electronics/Appliance Stores
GMAB,,13492383672.9192,Health Technology,Pharmaceuticals: Major
GM,,50783831055.0,Consumer Durables,Motor Vehicles
GLXY,,10729794684.003944,Finance,Investment Banks/Brokers
GLW,,54163255022.0,Electronic Technology,Electronic Components
GLPI,,12899516086.0,Finance,Real Estate Investment Trusts
GLPG,,2171101948.7681303,Health Technology,Biotechnology
GLP/PB,,1784767084.0,Distribution Services,Wholesale Distributors
GLP,,1784767084.0,Distribution Services,Wholesale Distributors
GLOB,,3711278889.000001,Technology Services,Information Technology Services
GLNG,,4306261041.0,Industrial Services,Oil & Gas Pipelines
GLBE,,5616781050.0,Retail Trade,Internet Retail
GL/PD,,11594798061.0,Finance,Multi-Line Insurance
GL,,11594798061.0,Finance,Multi-Line Insurance
GKOS,,4919227657.999999,Health Technology,Medical Specialties
GIS,,26568098223.000004,Consumer Non-Durables,Food: Major Diversified
GILD,,139680797212.0,Health Technology,Biotechnology
GIL,,7637117778.447921,Consumer Non-Durables,Apparel/Footwear
GIII,,1022017199.0,Consumer Non-Durables,Apparel/Footwear
GIC,,1307029166.0,Retail Trade,Internet Retail
GIB,,21387232988.8773,Technology Services,Information Technology Services
GHLD,,1236014987.0,Finance,Finance/Rental/Leasing
GHC,,4160101878.0,Consumer Services,Other Consumer Services
GH,,5110445935.0,Health Services,Medical/Nursing Services
GGG,,13914998074.0,Producer Manufacturing,Industrial Machinery
GGB,,5754849744.7194,Non-Energy Minerals,Steel
GGAL,,8044488240.860169,Finance,Regional Banks
GFS,,20673410817.0,Electronic Technology,Semiconductors
GFL,,18460039625.592438,Industrial Services,Environmental Services
GFI,,21501703519.36,Non-Energy Minerals,Precious Metals
GFF,,3821796121.0,Producer Manufacturing,Building Products
GEV,,179746738033.0,Producer Manufacturing,Electrical Products
GEO,,3663601534.0,Commercial Services,Miscellaneous Commercial Services
GENI,,2861071930.0,Technology Services,Internet Software/Services
GEN,,18156289448.0,Technology Services,Packaged Software
GEL,,2125980688.0,Process Industries,Chemicals: Specialty
GEHC,,32562004713.0,Health Technology,Medical Specialties
GEF.B,,3057812571.0,Process Industries,Containers/Packaging
GEF,,3057812571.0000005,Process Industries,Containers/Packaging
GE,,287463879623.0,Electronic Technology,Aerospace & Defense
GDV,,2345142390.0,Miscellaneous,Investment Trusts/Mutual Funds
GDS,,7267644112.78464,Technology Services,Data Processing Services
GDRX,,1710840277.9999998,Technology Services,Internet Software/Services
GDDY,,23023241952.0,Technology Services,Data Processing Services
GD,,83821012971.00002,Electronic Technology,Aerospace & Defense
GCMG,,2289967924.0,Finance,Investment Managers
GBX,,1405207108.0,Producer Manufacturing,Trucks/Construction/Farm Machinery
GBTG,,3078058657.0,Consumer Services,Other Consumer Services
GBDC,,3985159019.0,Finance,Investment Managers
GBCI,,4975491708.0,Finance,Regional Banks
GB,,1477303253.0000002,Technology Services,Data Processing Services
GATX,,5435763854.0,Transportation,Railroads
GAP,,7259873706.0,Retail Trade,Apparel/Footwear Retail
GAM,,1340059083.0,Miscellaneous,Investment Trusts/Mutual Funds
GABC,,1440008041.0,Finance,Regional Banks
GAB,,1788165900.0,Miscellaneous,Investment Trusts/Mutual Funds
G,,7703215386.0,Commercial Services,Miscellaneous Commercial Services
FYBR,,9196536610.0,Communications,Major Telecommunications
FWRG,,1054572720.0,Consumer Services,Restaurants
FWONK,,32222980615.0,Technology Services,Internet Software/Services
FWONA,,32222980615.0,Technology Services,Internet Software/Services
FUTU,,6830154574.0,Finance,Investment Banks/Brokers
FUN,,3028992891.0,Consumer Services,Movies/Entertainment
FULTP,,3263211317.0,Finance,Major Banks
FULT,,3263211317.0,Finance,Major Banks
FUL,,3032770449.0000005,Process Industries,Industrial Specialties
FUBO,,1359328512.0,Technology Services,Internet Software/Services
FTV,,16216460602.999996,Electronic Technology,Electronic Equipment/Instruments
FTS,,24563353404.81785,Utilities,Electric Utilities
FTNT,,76465103811.0,Technology Services,Information Technology Services
FTI,,14948668920.0,Industrial Services,Oilfield Services/Equipment
FTDR,,4304769309.999999,Consumer Durables,Homebuilding
FTAIN,,14112728039.0,Electronic Technology,Aerospace & Defense
FTAIM,,14112728039.0,Electronic Technology,Aerospace & Defense
FTAI,,14112728038.999998,Electronic Technology,Aerospace & Defense
FSV,,8962465568.07447,Finance,Real Estate Development
FSS,,7694430362.0,Consumer Durables,Motor Vehicles
FSM,,1979891852.0973155,Non-Energy Minerals,Precious Metals
FSLR,,18738826889.0,Electronic Technology,Semiconductors
FSK,,5856189150.0,Miscellaneous,Investment Trusts/Mutual Funds
FRT/PC,,8005748949.0,Finance,Real Estate Investment Trusts
FRT,,8005748949.0,Finance,Real Estate Investment Trusts
FRSH,,3785575156.0,Technology Services,Packaged Software
FRPT,,3332450649.0,Consumer Non-Durables,Food: Specialty/Candy
FROG,,4973524737.0,Technology Services,Packaged Software
FRO,,4100713730.000001,Transportation,Marine Shipping
FRMEP,,2222662311.0,Finance,Major Banks
FRME,,2222662311.0,Finance,Major Banks
FRHC,,11372925939.0,Finance,Investment Banks/Brokers
FR,,6649912856.0,Finance,Real Estate Investment Trusts
FPF,,1150023420.0,Miscellaneous,Investment Trusts/Mutual Funds
FOXF,,1266805578.0,Producer Manufacturing,Auto Parts: OEM
FOXA,,23982324844.0,Consumer Services,Broadcasting
FOX,,23982324844.0,Consumer Services,Broadcasting
FOUR/PA,,9015036821.0,Commercial Services,Miscellaneous Commercial Services
FOUR,,9015036821.0,Commercial Services,Miscellaneous Commercial Services
FORTY,,1850152567.5976,Technology Services,Information Technology Services
FORM,,2189747252.9999995,Electronic Technology,Semiconductors
FOR,,1260662622.9999998,Finance,Real Estate Development
FOLD,,1844506435.0,Health Technology,Pharmaceuticals: Major
FNV,,30694651404.82843,Non-Energy Minerals,Precious Metals
FNF,,15497924056.0,Finance,Specialty Insurance
FND,,8246922820.0,Retail Trade,Home Improvement Chains
FNB,,5512233417.0,Finance,Major Banks
FN,,11599458060.0,Electronic Technology,Semiconductors
FMX,,18564168293.25324,Consumer Non-Durables,Beverages: Non-Alcoholic
FMS,,14899186606.029371,Health Services,Medical/Nursing Services
FMC,,4876456276.0,Process Industries,Chemicals: Agricultural
FLYW,,1323770369.0,Commercial Services,Miscellaneous Commercial Services
FLUT,,53405680779.0,Consumer Services,Casinos/Gaming
FLS,,7329036950.999999,Producer Manufacturing,Industrial Machinery
FLR,,9348015285.999998,Industrial Services,Engineering & Construction
FLOC,,1693331317.0,Industrial Services,Oilfield Services/Equipment
FLO,,3346543676.0,Consumer Non-Durables,Food: Specialty/Candy
FLNG,,1331411753.0,Transportation,Marine Shipping
FLNC,,1479610684.0,Producer Manufacturing,Electrical Products
FLG/PU,,4686251999.0,Finance,Savings Banks
FLG/PA,,4686251999.0,Finance,Savings Banks
FLG,,4686251999.0,Finance,Savings Banks
FLEX,,18717448826.0,Electronic Technology,Electronic Production Equipment
FL,,2389935811.0,Retail Trade,Apparel/Footwear Retail
FIZZ,,4289679334.000001,Consumer Non-Durables,Beverages: Non-Alcoholic
FIX,,24813444887.000004,Industrial Services,Engineering & Construction
FIVN,,1970106230.0,Technology Services,Packaged Software
FIVE,,7516518733.0,Retail Trade,Discount Stores
FITBP,,27747650031.0,Finance,Regional Banks
FITBO,,27747650031.0,Finance,Regional Banks
FITBI,,27747650031.0,Finance,Regional Banks
FITB,,27747650031.0,Finance,Regional Banks
FISK,,1975664903.7214136,Finance,Real Estate Investment Trusts
FIS,,41721625272.0,Technology Services,Packaged Software
FINV,,2176825103.0,Finance,Finance/Rental/Leasing
FIHL,,1648771617.0000002,Finance,Multi-Line Insurance
FIGS,,1056582329.0,Consumer Non-Durables,Apparel/Footwear
FIG,,47087143950.0,Technology Services,Packaged Software
FICO,,34486532502.0,Commercial Services,Financial Publishing/Services
FIBK,,3019700810.0,Finance,Regional Banks
FI,,75526840630.0,Commercial Services,Miscellaneous Commercial Services
FHN/PF,,11062760815.0,Finance,Regional Banks
FHN/PE,,11062760815.0,Finance,Regional Banks
FHN/PC,,11062760815.0,Finance,Regional Banks
FHN,,11062760815.0,Finance,Regional Banks
FHI,,3921128588.0,Finance,Investment Managers
FHB,,3048693377.9999995,Finance,Regional Banks
FGSN,,4300273205.0,Finance,Multi-Line Insurance
FGN,,4300273205.0,Finance,Multi-Line Insurance
FG,,4300273205.000001,Finance,Multi-Line Insurance
FFIV,,18000204054.999996,Technology Services,Packaged Software
FFIN,,4952401518.0,Finance,Major Banks
FFBC,,2320644318.0,Finance,Regional Banks
FERG,,44036439852.0,Distribution Services,Wholesale Distributors
FER,,36599259679.3363,Industrial Services,Engineering & Construction
FELE,,4283731939.000001,Producer Manufacturing,Industrial Machinery
FE,,24660921350.0,Utilities,Electric Utilities
FDX,,52721089731.0,Transportation,Air Freight/Couriers
FDS,,15232349070.000002,Technology Services,Data Processing Services
FDP,,1803378049.0,Process Industries,Agricultural Commodities/Milling
FCX,,57792698270.0,Non-Energy Minerals,Other Metals/Minerals
FCPT,,2636679153.0,Finance,Real Estate Investment Trusts
FCNCP,,26209788193.0,Finance,Regional Banks
FCNCO,,26209788193.0,Finance,Regional Banks
FCNCA,,26209788193.000004,Finance,Regional Banks
FCN,,5382781702.999999,Commercial Services,Miscellaneous Commercial Services
FCFS,,5913352811.000001,Finance,Finance/Rental/Leasing
FCF,,1732543467.0,Finance,Regional Banks
FBP,,3364931445.0000005,Finance,Regional Banks
FBNC,,2074735931.0,Finance,Regional Banks
FBK,,2620840610.0000005,Finance,Major Banks
FBIN,,6559015580.0,Producer Manufacturing,Building Products
FAST,,52940477431.0,Distribution Services,Wholesale Distributors
FANG,,43433691304.0,Energy Minerals,Oil & Gas Production
FAF,,6113090106.0,Finance,Specialty Insurance
FA,,3002815897.9999995,Commercial Services,Miscellaneous Commercial Services
F/PD,,44020394593.0,Consumer Durables,Motor Vehicles
F/PC,,44020394593.0,Consumer Durables,Motor Vehicles
F/PB,,44020394593.0,Consumer Durables,Motor Vehicles
F,,44020394593.0,Consumer Durables,Motor Vehicles
EYE,,1917841750.0,Retail Trade,Specialty Stores
EXTR,,2351741457.0,Electronic Technology,Computer Peripherals
EXR,,28512653491.0,Finance,Real Estate Investment Trusts
EXPO,,3499822021.0,Industrial Services,Engineering & Construction
EXPI,,1683503163.0,Finance,Real Estate Development
EXPE,,22909727785.0,Consumer Services,Other Consumer Services
EXPD,,15918842094.999998,Transportation,Air Freight/Couriers
EXP,,7278052168.0,Non-Energy Minerals,Construction Materials
EXLS,,7014515625.0,Technology Services,Data Processing Services
EXK,,1467968922.3333335,Non-Energy Minerals,Precious Metals
EXG,,2676940000.0,Miscellaneous,Investment Trusts/Mutual Funds
EXEL,,9750516515.0,Health Technology,Pharmaceuticals: Major
EXE,,24952903605.0,Energy Minerals,Integrated Oil
EXC,,45368533222.0,Utilities,Electric Utilities
EXAS,,8856538506.000002,Health Technology,Medical Specialties
EWTX,,1500155136.0000002,Health Technology,Biotechnology
EWBC,,13816974300.0,Finance,Regional Banks
EW,,46523242632.00001,Health Technology,Medical Specialties
EVV,,1173650300.0,Miscellaneous,Investment Trusts/Mutual Funds
EVTC,,2314615327.0,Commercial Services,Miscellaneous Commercial Services
EVT,,1785300060.0,Miscellaneous,Investment Trusts/Mutual Funds
EVRG,,16290422138.0,Utilities,Electric Utilities
EVR,,11641895230.999998,Finance,Investment Banks/Brokers
EVO,,1427905455.9259,Health Technology,Pharmaceuticals: Major
EVLV,,1074995366.9999998,Electronic Technology,Electronic Equipment/Instruments
EVH,,1179868121.0,Commercial Services,Miscellaneous Commercial Services
EVGO,,1034482894.0,Retail Trade,Specialty Stores
EVEX,,1936263672.0,Electronic Technology,Aerospace & Defense
EVCM,,1958663541.0,Technology Services,Packaged Software
ETY,,2471206380.0,Miscellaneous,Investment Trusts/Mutual Funds
ETWO,,1144863316.0,Technology Services,Packaged Software
ETV,,1610051450.0,Miscellaneous,Investment Trusts/Mutual Funds
ETSY,,5775056647.0,Retail Trade,Internet Retail
ETR,,38954902798.0,Utilities,Electric Utilities
ETOR,,4884869042.0,Technology Services,Packaged Software
ETNB,,1386849823.0000002,Health Technology,Pharmaceuticals: Major
ETN,,150540931781.0,Producer Manufacturing,Electrical Products
ETG,,1582152987.0,Miscellaneous,Investment Trusts/Mutual Funds
ET/PI,,61909279636.0,Industrial Services,Oil & Gas Pipelines
ET,,61909279636.0,Industrial Services,Oil & Gas Pipelines
ESTC,,8833269906.0,Technology Services,Packaged Software
ESTA,,1213223423.0,Health Technology,Medical Specialties
ESS,,16756638029.000002,Finance,Real Estate Investment Trusts
ESRT,,1219836183.0,Finance,Real Estate Investment Trusts
ESNT,,5677472971.0,Finance,Specialty Insurance
ESLT,,21628228089.17301,Electronic Technology,Aerospace & Defense
ESI,,5723096241.000001,Process Industries,Chemicals: Major Diversified
ESE,,5002203555.0,Electronic Technology,Electronic Equipment/Instruments
ESBA,,1939377181.0,Finance,Real Estate Investment Trusts
ESAB,,8133773104.0,Producer Manufacturing,Industrial Machinery
ES,,24284136482.0,Utilities,Electric Utilities
ERO,,1400294246.1525333,Non-Energy Minerals,Other Metals/Minerals
ERJ,,10553401940.3007,Electronic Technology,Aerospace & Defense
ERIE,,16590227384.999998,Finance,Property/Casualty Insurance
ERIC,,24360048628.280094,Electronic Technology,Telecommunications Equipment
EQX,,4629856581.587678,Non-Energy Minerals,Precious Metals
EQT,,33543064117.0,Energy Minerals,Integrated Oil
EQR,,24012439889.0,Finance,Real Estate Investment Trusts
EQNR,,65438306700.45749,Energy Minerals,Integrated Oil
EQIX,,76839861981.0,Finance,Real Estate Investment Trusts
EQH/PC,,15490330051.0,Finance,Life/Health Insurance
EQH/PA,,15490330051.0,Finance,Life/Health Insurance
EQH,,15490330051.0,Finance,Life/Health Insurance
EPRT,,6058162769.0,Finance,Real Estate Investment Trusts
EPR/PG,,4186810128.0,Finance,Real Estate Investment Trusts
EPR/PE,,4186810128.0,Finance,Real Estate Investment Trusts
EPR/PC,,4186810128.0,Finance,Real Estate Investment Trusts
EPR,,4186810128.0,Finance,Real Estate Investment Trusts
EPD,,67214298268.00001,Industrial Services,Oil & Gas Pipelines
EPC,,1186558185.9999998,Consumer Non-Durables,Household/Personal Care
EPAM,,8934697463.0,Technology Services,Information Technology Services
EPAC,,2077126424.0,Producer Manufacturing,Industrial Machinery
EOSE,,1481165511.0,Producer Manufacturing,Electrical Products
EOS,,1279056450.0,Miscellaneous,Investment Trusts/Mutual Funds
EOG,,65505352384.0,Energy Minerals,Integrated Oil
ENVX,,2593960296.0,Producer Manufacturing,Electrical Products
ENVA,,2615318785.0,Finance,Finance/Rental/Leasing
ENTG,,11894536340.000002,Producer Manufacturing,Industrial Machinery
ENSG,,8655023575.0,Health Services,Medical/Nursing Services
ENS,,3564855463.0,Producer Manufacturing,Electrical Products
ENR,,1625780569.0,Consumer Non-Durables,Household/Personal Care
ENPH,,4231095262.0,Electronic Technology,Semiconductors
ENOV,,1530897715.0000002,Health Technology,Medical Specialties
ENLT,,2954374314.7719197,Utilities,Alternative Power Generation
ENIC,,4412494633.96352,Utilities,Electric Utilities
ENB,,98745081555.02072,Industrial Services,Oil & Gas Pipelines
EMR,,81849371910.0,Electronic Technology,Electronic Equipment/Instruments
EMN,,8383561683.0,Process Industries,Chemicals: Specialty
EME,,28085199013.000004,Industrial Services,Engineering & Construction
EMA,,14001299188.011066,Utilities,Electric Utilities
ELVN,,1109606492.0,Health Technology,Biotechnology
ELV,,63743469843.0,Health Services,Managed Health Care
ELS,,11611881414.0,Finance,Real Estate Investment Trusts
ELPC,,6110216081.059999,Utilities,Electric Utilities
ELP,,6110216081.059999,Utilities,Electric Utilities
ELME,,1329432484.0,Finance,Real Estate Investment Trusts
ELF,,6875701917.999999,Consumer Non-Durables,Household/Personal Care
ELAN,,6794124474.999999,Health Technology,Biotechnology
EL,,33579247999.0,Consumer Non-Durables,Household/Personal Care
EIX,,20053880577.0,Utilities,Electric Utilities
EHC,,11098749008.000002,Health Services,Medical/Nursing Services
EH,,1257852706.0,Technology Services,Packaged Software
EGP,,8706307155.0,Finance,Real Estate Investment Trusts
EGO,,4212132432.2648816,Non-Energy Minerals,Precious Metals
EG,,14283160199.0,Finance,Property/Casualty Insurance
EFX,,29739845551.0,Commercial Services,Financial Publishing/Services
EFSCP,,2038314460.0,Finance,Regional Banks
EFSC,,2038314460.0,Finance,Regional Banks
EFC/PD,,1199371679.0,Finance,Real Estate Investment Trusts
EFC/PC,,1199371679.0,Finance,Real Estate Investment Trusts
EFC/PB,,1199371679.0,Finance,Real Estate Investment Trusts
EFC/PA,,1199371679.0,Finance,Real Estate Investment Trusts
EFC,,1199371679.0,Finance,Real Estate Investment Trusts
EEFT,,4202534922.0,Commercial Services,Miscellaneous Commercial Services
EE,,2925707090.0,Utilities,Gas Distributors
EDU,,7289461260.19008,Consumer Services,Other Consumer Services
EDN,,1281963237.38802,Utilities,Electric Utilities
ED,,37290647598.00001,Utilities,Electric Utilities
ECVT,,1010818308.0,Process Industries,Chemicals: Specialty
ECL,,74212269916.99998,Process Industries,Chemicals: Specialty
ECG,,3787228948.000001,Industrial Services,Engineering & Construction
EC,,17246192265.351685,Energy Minerals,Integrated Oil
EBR.B,,15651014456.4306,Utilities,Electric Utilities
EBR,,15651014456.4306,Utilities,Electric Utilities
EBC,,3267072623.0,Finance,Regional Banks
EBAY,,42296750000.0,Retail Trade,Internet Retail
EAT,,7005501953.000001,Consumer Services,Restaurants
EA,,38316450530.0,Technology Services,Packaged Software
E,,51806017245.44741,Energy Minerals,Oil Refining/Marketing
DYN,,1401297823.0000002,Health Technology,Biotechnology
DY,,7775285394.0,Industrial Services,Engineering & Construction
DXPE,,1777518270.9999998,Distribution Services,Wholesale Distributors
DXCM,,31674377654.0,Health Technology,Medical Specialties
DXC,,2476486428.0000005,Technology Services,Data Processing Services
DX/PC,,1616107156.0,Finance,Real Estate Investment Trusts
DX,,1616107156.0,Finance,Real Estate Investment Trusts
DVN,,21330561973.0,Energy Minerals,Integrated Oil
DVAX,,1318485486.0,Health Technology,Biotechnology
DVA,,10597934631.0,Health Services,Medical/Nursing Services
DV,,2489539690.0,Technology Services,Packaged Software
DUOL,,15752995113.000002,Technology Services,Packaged Software
DUKB,,94545558171.0,Utilities,Electric Utilities
DUK/PA,,94545558171.0,Utilities,Electric Utilities
DUK,,94545558170.99998,Utilities,Electric Utilities
DTW,,28732228030.0,Utilities,Electric Utilities
DTM,,10436411988.0,Industrial Services,Oil & Gas Pipelines
DTG,,28732228030.0,Utilities,Electric Utilities
DTE,,28732228030.0,Utilities,Electric Utilities
DTB,,28732228030.0,Utilities,Electric Utilities
DT,,15875411267.999998,Technology Services,Packaged Software
DSL,,1354518450.0,Miscellaneous,Investment Trusts/Mutual Funds
DSGX,,9072391987.5915,Technology Services,Packaged Software
DSGR,,1391756995.0,Distribution Services,Wholesale Distributors
DRVN,,2776253523.0,Consumer Services,Other Consumer Services
DRS,,11070742465.0,Electronic Technology,Aerospace & Defense
DRI,,23602212027.000004,Consumer Services,Restaurants
DRH/PA,,1600652356.0,Finance,Real Estate Investment Trusts
DRH,,1600652356.0,Finance,Real Estate Investment Trusts
DRD,,1125479428.169,Non-Energy Minerals,Precious Metals
DQ,,1452521934.0,Process Industries,Chemicals: Specialty
DPZ,,15726959457.0,Consumer Services,Restaurants
DOX,,9493654059.0,Technology Services,Information Technology Services
DOW,,16508980116.0,Process Industries,Chemicals: Specialty
DOV,,24840536082.0,Producer Manufacturing,Industrial Machinery
DORM,,3680257801.000001,Consumer Durables,Automotive Aftermarket
DOOO,,3688847920.5166993,Producer Manufacturing,Trucks/Construction/Farm Machinery
DOLE,,1354765540.0,Distribution Services,Food Distributors
DOCU,,15284026997.999998,Technology Services,Packaged Software
DOCS,,11010760507.000002,Technology Services,Packaged Software
DOCN,,2536194234.0,Technology Services,Packaged Software
DOC,,12026103824.0,Finance,Real Estate Investment Trusts
DNP,,3622603490.0,Miscellaneous,Investment Trusts/Mutual Funds
DNOW,,1635468323.0,Distribution Services,Wholesale Distributors
DNN,,1855433142.6,Non-Energy Minerals,Other Metals/Minerals
DNLI,,2009171092.0000005,Health Technology,Biotechnology
DNB,,4062338146.0,Technology Services,Packaged Software
DMLP,,1297109296.9999998,Miscellaneous,Investment Trusts/Mutual Funds
DLTR,,23697410548.0,Retail Trade,Discount Stores
DLR/PL,,59423493771.0,Finance,Real Estate Investment Trusts
DLR/PK,,59423493771.0,Finance,Real Estate Investment Trusts
DLR/PJ,,59423493771.0,Finance,Real Estate Investment Trusts
DLR,,59423493771.0,Finance,Real Estate Investment Trusts
DLO,,2928974963.0,Technology Services,Packaged Software
DLB,,7237626421.0,Technology Services,Packaged Software
DKS,,16940529560.999998,Retail Trade,Specialty Stores
DKNG,,22352704510.0,Consumer Services,Movies/Entertainment
DKL,,2464154780.0,Industrial Services,Oil & Gas Pipelines
DK,,1358469468.0,Energy Minerals,Oil Refining/Marketing
DJT,,4874174656.000001,Commercial Services,Advertising/Marketing Services
DIS,,214129552864.00003,Consumer Services,Movies/Entertainment
DIOD,,2290835072.0,Electronic Technology,Semiconductors
DINO,,8278725245.0,Energy Minerals,Oil Refining/Marketing
DHT,,1780588059.9999998,Transportation,Marine Shipping
DHR,,141176731091.0,Health Technology,Medical Specialties
DHI,,42583964670.0,Consumer Durables,Homebuilding
DGX,,18720362592.0,Health Services,Services to the Health Industry
DGNX,,1218669439.0,Technology Services,Packaged Software
DGII,,1208745109.0000002,Electronic Technology,Telecommunications Equipment
DG,,23085406529.0,Retail Trade,Discount Stores
DFIN,,1463752825.0,Technology Services,Packaged Software
DFH,,2368787722.0,Consumer Durables,Homebuilding
DEO,,54353093277.5709,Consumer Non-Durables,Beverages: Alcoholic
DELL,,90076536258.0,Electronic Technology,Computer Processing Hardware
DEI,,2538486642.0,Finance,Real Estate Investment Trusts
DECK,,15749613545.0,Consumer Non-Durables,Apparel/Footwear
DEC,,1167168189.6769097,Energy Minerals,Integrated Oil
DE,,142013582496.0,Producer Manufacturing,Trucks/Construction/Farm Machinery
DDS,,7290162464.0,Retail Trade,Department Stores
DDOG,,48342546234.00001,Technology Services,Packaged Software
DD,,30090058482.0,Process Industries,Chemicals: Major Diversified
DCOMP,,1214212301.0,Finance,Regional Banks
DCOMG,,1214212301.0,Finance,Regional Banks
DCOM,,1214212301.0,Finance,Regional Banks
DCO,,1353577694.0,Electronic Technology,Aerospace & Defense
DCI,,8385940457.0,Producer Manufacturing,Auto Parts: OEM
DBX,,7648155312.999999,Technology Services,Data Processing Services
DBRG/PJ,,2021157689.0,Finance,Investment Managers
DBRG/PI,,2021157689.0,Finance,Investment Managers
DBRG/PH,,2021157689.0,Finance,Investment Managers
DBRG,,2021157689.0,Finance,Investment Managers
DBD,,2097583505.0,Electronic Technology,Electronic Equipment/Instruments
DB,,64197314557.23167,Finance,Investment Banks/Brokers
DAY,,9220340307.000002,Technology Services,Packaged Software
DAVE,,3145652479.0,Finance,Major Banks
DASH,,106041966013.0,Transportation,Air Freight/Couriers
DAR,,5121183537.0,Consumer Non-Durables,Food: Specialty/Candy
DAO,,1040252443.0,Technology Services,Internet Software/Services
DAN,,2320169481.0,Producer Manufacturing,Auto Parts: OEM
DAL,,34743381864.0,Transportation,Airlines
DAC,,1681009311.0000002,Transportation,Marine Shipping
D,,49845610541.0,Utilities,Electric Utilities
CZR,,5549214120.0,Consumer Services,Casinos/Gaming
CYTK,,4495243480.0,Health Technology,Pharmaceuticals: Major
CYBR,,20694360270.0,Technology Services,Packaged Software
CXW,,2187534772.0,Commercial Services,Miscellaneous Commercial Services
CXT,,3404087198.0,Producer Manufacturing,Industrial Machinery
CXM,,2332129062.9999995,Technology Services,Packaged Software
CX,,13198681370.628,Non-Energy Minerals,Construction Materials
CWT,,2708654377.0,Utilities,Water Utilities
CWST,,6900358168.0,Industrial Services,Environmental Services
CWK,,2821528820.0,Finance,Real Estate Development
CWH,,1413266748.0000002,Retail Trade,Specialty Stores
CWEN.A,,6533290302.0,Utilities,Alternative Power Generation
CWEN,,6533290302.000001,Utilities,Alternative Power Generation
CWAN,,5739328168.0,Technology Services,Packaged Software
CW,,18476041475.0,Electronic Technology,Aerospace & Defense
CVX,,310466812915.0,Energy Minerals,Integrated Oil
CVS,,78557703380.0,Retail Trade,Drugstore Chains
CVNA,,84490729628.99998,Retail Trade,Specialty Stores
CVLT,,8445112200.999999,Technology Services,Packaged Software
CVI,,2692209577.0000005,Energy Minerals,Oil Refining/Marketing
CVE,,27623855173.0569,Energy Minerals,Integrated Oil
CVCO,,3265203484.0000005,Consumer Durables,Homebuilding
CVBF,,2575568256.9999995,Finance,Regional Banks
CVAC,,1213681064.0000002,Health Technology,Biotechnology
CUZ,,4550405823.0,Finance,Real Estate Investment Trusts
CURB,,2325243197.0,Finance,Real Estate Investment Trusts
CUK,,38648220633.3904,Consumer Services,Hotels/Resorts/Cruise lines
CUBI/PF,,2013721948.0,Finance,Regional Banks
CUBI,,2013721948.0,Finance,Regional Banks
CUBE,,8869690495.0,Finance,Real Estate Investment Trusts
CUBB,,2013721948.0,Finance,Regional Banks
CTVA,,49204918994.0,Process Industries,Agricultural Commodities/Milling
CTSH,,35373515784.00001,Technology Services,Information Technology Services
CTS,,1155189359.0,Electronic Technology,Electronic Production Equipment
CTRI,,1932551504.0,Utilities,Gas Distributors
CTRE,,6095709906.0,Finance,Real Estate Investment Trusts
CTRA,,18615929036.000004,Energy Minerals,Integrated Oil
CTOS,,1402403942.0,Finance,Finance/Rental/Leasing
CTAS,,89682740839.99998,Consumer Services,Other Consumer Services
CSX,,66256405489.0,Transportation,Railroads
CSWCZ,,1250921255.0,Finance,Investment Managers
CSWC,,1250921255.0,Finance,Investment Managers
CSW,,4360504748.0,Process Industries,Industrial Specialties
CSTM,,1959405775.0,Non-Energy Minerals,Aluminum
CSQ,,2941185800.0,Miscellaneous,Investment Trusts/Mutual Funds
CSL,,15342473643.0,Producer Manufacturing,Building Products
CSGS,,1809899656.0,Technology Services,Data Processing Services
CSGP,,40327278812.99999,Technology Services,Internet Software/Services
CSCO,,269596690903.0,Electronic Technology,Telecommunications Equipment
CSAN,,1972830215.5692,Utilities,Gas Distributors
CRWV,,55701327132.99999,Technology Services,Packaged Software
CRWD,,113300741983.0,Technology Services,Packaged Software
CRVL,,4557666267.0,Finance,Insurance Brokers/Services
CRUS,,5166257680.0,Electronic Technology,Semiconductors
CRTO,,1408188153.0,Commercial Services,Advertising/Marketing Services
CRSP,,4858820807.0,Health Technology,Biotechnology
CRS,,12414470233.0,Non-Energy Minerals,Other Metals/Minerals
CROX,,5592316264.0,Consumer Non-Durables,Apparel/Footwear
CRNX,,2678314931.0,Health Technology,Pharmaceuticals: Major
CRM,,246963467163.0,Technology Services,Packaged Software
CRL,,8331989219.999999,Commercial Services,Miscellaneous Commercial Services
CRK,,5234441621.0,Energy Minerals,Oil & Gas Production
CRH,,64524599918.0,Non-Energy Minerals,Construction Materials
CRGY,,2940591964.0000005,Energy Minerals,Integrated Oil
CRDO,,19146646710.000004,Technology Services,Information Technology Services
CRCT,,1037783902.0,Distribution Services,Wholesale Distributors
CRCL,,41776512436.64,Technology Services,Packaged Software
CRC,,4296453145.000001,Energy Minerals,Integrated Oil
CRBG,,19547504651.0,Finance,Investment Managers
CRBD,,19547504651.0,Finance,Investment Managers
CRAI,,1202855392.0,Commercial Services,Miscellaneous Commercial Services
CR,,11257007501.0,Electronic Technology,Aerospace & Defense
CQP,,27915054553.000004,Utilities,Gas Distributors
CPT,,15455945556.0,Finance,Real Estate Investment Trusts
CPRX,,2601729963.0000005,Health Technology,Pharmaceuticals: Major
CPRT,,43831217777.99999,Retail Trade,Specialty Stores
CPRI,,2145026725.0,Retail Trade,Apparel/Footwear Retail
CPNG,,53433492574.00001,Retail Trade,Internet Retail
CPK,,2796483642.0,Utilities,Gas Distributors
CPB,,9516308804.0,Consumer Non-Durables,Food: Specialty/Candy
CPAY,,22772909448.0,Commercial Services,Miscellaneous Commercial Services
CPA,,4556199445.999999,Transportation,Airlines
CP,,68435043846.72816,Transportation,Railroads
COUR,,2040095978.0,Technology Services,Internet Software/Services
COTY,,4230606014.0,Consumer Non-Durables,Household/Personal Care
COST,,416708811168.0,Retail Trade,Specialty Stores
CORZ,,4112019231.000001,Technology Services,Data Processing Services
CORT,,7123021834.0,Health Technology,Pharmaceuticals: Major
COR,,55449020366.0,Distribution Services,Medical Distributors
COP,,120358168036.0,Energy Minerals,Oil & Gas Production
COOP,,9965032219.000002,Finance,Finance/Rental/Leasing
COO,,14103538896.0,Health Technology,Medical Specialties
CON,,2559593778.9999995,Health Services,Medical/Nursing Services
COMP,,4219068556.000001,Technology Services,Packaged Software
COMM,,1776095610.0,Electronic Technology,Telecommunications Equipment
COLM,,3096862423.0,Consumer Non-Durables,Apparel/Footwear
COLD,,4578386909.0,Finance,Real Estate Investment Trusts
COLB,,5002927547.0,Finance,Regional Banks
COKE,,9709499714.0,Consumer Non-Durables,Beverages: Non-Alcoholic
COIN,,96217351074.0,Finance,Investment Banks/Brokers
COHR,,16725409699.000002,Electronic Technology,Semiconductors
COGT,,1870716632.0,Health Technology,Biotechnology
COF/PN,,137629578247.0,Finance,Major Banks
COF/PL,,137629578247.0,Finance,Major Banks
COF/PK,,137629578247.0,Finance,Major Banks
COF/PJ,,137629578247.0,Finance,Major Banks
COF/PI,,137629578247.0,Finance,Major Banks
COF,,137629578246.99997,Finance,Major Banks
COCO,,2003578143.0,Consumer Non-Durables,Food: Specialty/Candy
CNXN,,1563708745.0,Technology Services,Information Technology Services
CNXC,,3275415552.0,Technology Services,Information Technology Services
CNX,,4286396595.0,Energy Minerals,Integrated Oil
CNTA,,2293132458.0,Health Technology,Pharmaceuticals: Major
CNS,,3750026627.0,Finance,Investment Managers
CNR,,3886839810.0,Energy Minerals,Coal
CNQ,,66356846284.40949,Energy Minerals,Integrated Oil
CNP,,25344213983.0,Utilities,Electric Utilities
CNOBP,,1156258652.0,Finance,Regional Banks
CNOB,,1156258652.0,Finance,Regional Banks
CNO/PA,,3652369028.0,Finance,Multi-Line Insurance
CNO,,3652369028.0,Finance,Multi-Line Insurance
CNNE,,1343048804.0000002,Consumer Services,Restaurants
CNMD,,1582574148.0,Health Technology,Medical Specialties
CNM,,12545174743.0,Distribution Services,Wholesale Distributors
CNK,,3090362109.0,Consumer Services,Movies/Entertainment
CNI,,58331493342.04012,Transportation,Railroads
CNH,,16192634110.000002,Producer Manufacturing,Trucks/Construction/Farm Machinery
CNC,,12803837046.0,Health Services,Managed Health Care
CNA,,11996668755.000002,Finance,Multi-Line Insurance
CMSD,,22075333573.0,Utilities,Electric Utilities
CMSC,,22075333573.0,Utilities,Electric Utilities
CMSA,,22075333573.0,Utilities,Electric Utilities
CMS/PC,,22075333573.0,Utilities,Electric Utilities
CMS,,22075333573.0,Utilities,Electric Utilities
CMRE/PD,,1210411497.0,Transportation,Marine Shipping
CMRE/PC,,1210411497.0,Transportation,Marine Shipping
CMRE/PB,,1210411497.0,Transportation,Marine Shipping
CMRE,,1210411497.0,Transportation,Marine Shipping
CMPR,,1376044849.0000002,Commercial Services,Commercial Printing/Forms
CMPO,,1453936627.0,Commercial Services,Commercial Printing/Forms
CMI,,50641454956.0,Producer Manufacturing,Auto Parts: OEM
CMG,,57497150651.00001,Consumer Services,Restaurants
CME,,100286596796.00002,Finance,Investment Banks/Brokers
CMDB,,1080999810.0,Transportation,Marine Shipping
CMCSA,,124070978771.0,Consumer Services,Cable/Satellite TV
CMC,,5804717580.000001,Non-Energy Minerals,Steel
CMBT,,1717011985.104859,Transportation,Marine Shipping
CMA,,8684465759.999998,Finance,Major Banks
CM,,66738572194.769264,Finance,Regional Banks
CLX,,15475622224.000002,Consumer Non-Durables,Household/Personal Care
CLVT,,2588043297.9999995,Commercial Services,Miscellaneous Commercial Services
CLSK,,3194331516.0000005,Technology Services,Data Processing Services
CLS,,22990433100.24454,Electronic Technology,Electronic Components
CLOV,,1470768935.0,Finance,Life/Health Insurance
CLMT,,1380746157.0000002,Energy Minerals,Oil Refining/Marketing
CLM,,2044804130.0,Miscellaneous,Investment Trusts/Mutual Funds
CLH,,12647104809.0,Industrial Services,Environmental Services
CLF,,5204194593.0,Non-Energy Minerals,Steel
CLDX,,1459345393.9999998,Health Technology,Biotechnology
CLBT,,3347791361.0,Technology Services,Packaged Software
CLBK,,1509907609.0000002,Finance,Savings Banks
CL,,67953724566.00001,Consumer Non-Durables,Household/Personal Care
CIVI,,2810725438.0,Energy Minerals,Integrated Oil
CINF,,23067084718.0,Finance,Multi-Line Insurance
CIMO,,1082578088.0,Finance,Real Estate Investment Trusts
CIMN,,1082578088.0,Finance,Real Estate Investment Trusts
CIM/PD,,1082578088.0,Finance,Real Estate Investment Trusts
CIM/PC,,1082578088.0,Finance,Real Estate Investment Trusts
CIM/PB,,1082578088.0,Finance,Real Estate Investment Trusts
CIM/PA,,1082578088.0,Finance,Real Estate Investment Trusts
CIM,,1082578088.0,Finance,Real Estate Investment Trusts
CIGI,,7629471565.448913,Finance,Investment Managers
CIG.C,,6011759280.748,Utilities,Electric Utilities
CIG,,6011759280.748,Utilities,Electric Utilities
CIFR,,1830584817.0,Technology Services,Data Processing Services
CIEN,,13124532003.0,Electronic Technology,Telecommunications Equipment
CIB,,11588179415.631168,Finance,Regional Banks
CI,,71428592003.0,Finance,Insurance Brokers/Services
CHYM,,12539745370.000002,Technology Services,Information Technology Services
CHWY,,15238207503.999998,Retail Trade,Internet Retail
CHTR,,41062494342.0,Consumer Services,Cable/Satellite TV
CHT,,33428736633.90904,Communications,Major Telecommunications
CHRW,,13692015216.0,Transportation,Air Freight/Couriers
CHRD,,6372082017.0,Energy Minerals,Integrated Oil
CHKP,,20178218586.0,Technology Services,Internet Software/Services
CHH,,5925687639.999999,Consumer Services,Hotels/Resorts/Cruise lines
CHEF,,2794687675.9999995,Distribution Services,Food Distributors
CHE,,6031736147.0,Health Services,Hospital/Nursing Management
CHDN,,7506106566.0,Consumer Services,Movies/Entertainment
CHD,,23093424266.000004,Consumer Non-Durables,Household/Personal Care
CHCO,,1768314517.9999998,Finance,Major Banks
CHA,,4058288224.0,Miscellaneous,Miscellaneous
CGON,,2034453395.0,Health Technology,Biotechnology
CGNX,,6843847019.0,Electronic Technology,Electronic Equipment/Instruments
CGBDL,,1005332155.0,Miscellaneous,Investment Trusts/Mutual Funds
CGBD,,1005332155.0,Miscellaneous,Investment Trusts/Mutual Funds
CGAU,,1411414151.0074232,Non-Energy Minerals,Precious Metals
CG,,21906501471.0,Finance,Investment Managers
CFR/PB,,8190926796.0,Finance,Regional Banks
CFR,,8190926796.0,Finance,Regional Banks
CFLT,,6110222554.0,Technology Services,Packaged Software
CFG/PH,,20693737462.0,Finance,Major Banks
CFG/PE,,20693737462.0,Finance,Major Banks
CFG,,20693737462.0,Finance,Major Banks
CF,,15039390920.0,Process Industries,Chemicals: Agricultural
CET,,1408499451.0,Miscellaneous,Investment Trusts/Mutual Funds
CERT,,1596380869.0,Technology Services,Packaged Software
CEPU,,1821141623.4742355,Utilities,Electric Utilities
CENX,,1976158891.0,Non-Energy Minerals,Aluminum
CENTA,,2292304315.0,Consumer Non-Durables,Consumer Sundries
CENT,,2292304315.0,Consumer Non-Durables,Consumer Sundries
CELH,,11695261263.000002,Consumer Non-Durables,Beverages: Non-Alcoholic
CELC,,1524074971.0,Health Technology,Medical Specialties
CEG,,109019103413.0,Utilities,Electric Utilities
CEF,,5833611480.0,Miscellaneous,Investment Trusts/Mutual Funds
CECO,,1587998730.9999998,Producer Manufacturing,Industrial Machinery
CE,,5714346566.000001,Process Industries,Chemicals: Specialty
CDW,,22963257126.0,Technology Services,Information Technology Services
CDTX,,1400262114.0000002,Health Technology,Pharmaceuticals: Other
CDRE,,1344612432.0,Electronic Technology,Aerospace & Defense
CDP,,6153942052.0,Finance,Real Estate Investment Trusts
CDNS,,99341677736.0,Technology Services,Packaged Software
CDLR,,1849549589.607216,Producer Manufacturing,Trucks/Construction/Farm Machinery
CDE,,5558970031.0,Non-Energy Minerals,Precious Metals
CCU,,2176465380.588544,Consumer Non-Durables,Beverages: Alcoholic
CCS,,1670674897.0000002,Consumer Durables,Homebuilding
CCOI,,2249287833.0,Communications,Major Telecommunications
CCL,,38749241620.0,Consumer Services,Hotels/Resorts/Cruise lines
CCK,,11563079199.0,Process Industries,Containers/Packaging
CCJ,,32618294524.6997,Non-Energy Minerals,Other Metals/Minerals
CCI,,45714148407.0,Finance,Real Estate Investment Trusts
CCEP,,44658891285.99999,Consumer Non-Durables,Beverages: Non-Alcoholic
CCEC,,2706287952.0,Transportation,Marine Shipping
CCCS,,6373111997.0,Technology Services,Packaged Software
CCB,,1445527395.0000002,Finance,Regional Banks
CC,,1793096962.0,Process Industries,Chemicals: Specialty
CBZ,,3324659675.0,Commercial Services,Miscellaneous Commercial Services
CBU,,2785271553.9999995,Finance,Major Banks
CBT,,3877732183.0,Process Industries,Chemicals: Specialty
CBSH,,8165312393.999999,Finance,Regional Banks
CBRL,,1380550938.0,Consumer Services,Restaurants
CBRE,,46341111632.0,Finance,Real Estate Development
CB,,106067564726.0,Finance,Property/Casualty Insurance
CAVA,,10179233812.000002,Consumer Services,Restaurants
CATY,,3170390873.0,Finance,Regional Banks
CAT,,206007358835.0,Producer Manufacturing,Trucks/Construction/Farm Machinery
CASY,,19338945648.000004,Retail Trade,Specialty Stores
CASH,,1803317884.0,Finance,Major Banks
CART,,12507442926.0,Transportation,Air Freight/Couriers
CARR,,58397188735.99999,Producer Manufacturing,Industrial Machinery
CARG,,3244146325.0000005,Technology Services,Internet Software/Services
CAR,,5991342371.0,Finance,Finance/Rental/Leasing
CAMT,,4293541973.999999,Electronic Technology,Electronic Components
CALX,,3702083286.0,Electronic Technology,Telecommunications Equipment
CALM,,5390009305.0,Process Industries,Agricultural Commodities/Milling
CAKE,,3165335440.0000005,Consumer Services,Restaurants
CAI,,7809176690.000001,Technology Services,Packaged Software
CAH,,37047444535.0,Distribution Services,Medical Distributors
CAG,,8718109164.0,Consumer Non-Durables,Food: Major Diversified
CAE,,9145567635.161732,Commercial Services,Miscellaneous Commercial Services
CADE/PA,,6368243767.0,Finance,Major Banks
CADE,,6368243767.0,Finance,Major Banks
CACI,,10127958953.0,Technology Services,Information Technology Services
CACC,,5688951521.0,Finance,Finance/Rental/Leasing
CAAP,,3247058611.0,Transportation,Other Transportation
C/PN,,2647584800.0,Finance,Finance/Rental/Leasing
C,,175006636610.0,Finance,Major Banks
BZ,,8988426357.44256,Technology Services,Internet Software/Services
BYD,,6807639051.0,Consumer Services,Casinos/Gaming
BY,,1100849963.0,Finance,Regional Banks
BXSL,,7246422850.0,Miscellaneous,Investment Trusts/Mutual Funds
BXP,,10359178641.0,Finance,Real Estate Investment Trusts
BXMX,,1469768150.0,Miscellaneous,Investment Trusts/Mutual Funds
BXMT,,3170775515.0,Finance,Real Estate Investment Trusts
BX,,211138212422.00003,Finance,Investment Managers
BWXT,,13880434341.0,Electronic Technology,Aerospace & Defense
BWLP,,2017821444.4930165,Transportation,Marine Shipping
BWIN,,4366235854.0,Finance,Multi-Line Insurance
BWA,,8085697562.000001,Producer Manufacturing,Trucks/Construction/Farm Machinery
BVN,,4390802596.21561,Non-Energy Minerals,Precious Metals
BV,,1520035030.0,Commercial Services,Miscellaneous Commercial Services
BUSEP,,1997428986.0,Finance,Regional Banks
BUSE,,1997428986.0,Finance,Regional Banks
BURL,,17220133759.0,Retail Trade,Apparel/Footwear Retail
BUR,,2811728989.1679664,Finance,Finance/Rental/Leasing
BULL,,6878557827.0,Technology Services,Packaged Software
BUD,,116408666587.47418,Consumer Non-Durables,Beverages: Alcoholic
BTZ,,1030302480.0,Miscellaneous,Investment Trusts/Mutual Funds
BTU,,1963839929.0,Energy Minerals,Coal
BTT,,1430968704.0,Miscellaneous,Investment Trusts/Mutual Funds
BTSGU,,3630352866.0,Health Services,Medical/Nursing Services
BTSG,,3630352866.000001,Health Services,Medical/Nursing Services
BTI,,116538959184.5586,Consumer Non-Durables,Tobacco
BTG,,4453026610.806868,Non-Energy Minerals,Precious Metals
BTE,,1637117979.7142856,Energy Minerals,Integrated Oil
BTDR,,2536058059.0,Technology Services,Data Processing Services
BSY,,17590055638.000004,Technology Services,Information Technology Services
BSX,,155223514747.0,Health Technology,Medical Specialties
BSTZ,,1499679636.0,Miscellaneous,Investment Trusts/Mutual Funds
BST,,1356163200.0,Miscellaneous,Investment Trusts/Mutual Funds
BSM,,2651804397.0,Miscellaneous,Investment Trusts/Mutual Funds
BSBR,,17648479294.804802,Finance,Major Banks
BSAC,,10840989040.649216,Finance,Regional Banks
BRZE,,3094156675.0000005,Technology Services,Internet Software/Services
BRX,,7998380144.0,Finance,Real Estate Investment Trusts
BRSL,,3012520031.0000005,Consumer Services,Casinos/Gaming
BROS,,9748855664.000002,Consumer Services,Restaurants
BRO,,30137737903.0,Finance,Insurance Brokers/Services
BRKR,,5823367094.0,Health Technology,Medical Specialties
BRK.B,,1024535625500.0,Finance,Property/Casualty Insurance
BRK.A,,1024535625500.0,Finance,Property/Casualty Insurance
BRFS,,5957828097.0182,Consumer Non-Durables,Food: Meat/Fish/Dairy
BRDG,,2723195546.9999995,Finance,Investment Managers
BRC,,3339061730.0,Producer Manufacturing,Miscellaneous Manufacturing
BRBR,,6931480759.0,Health Technology,Pharmaceuticals: Other
BR,,29073375375.0,Technology Services,Information Technology Services
BQ,,1248576896.22,Retail Trade,Internet Retail
BPOP,,7849964462.000001,Finance,Regional Banks
BP,,82711462886.6699,Energy Minerals,Integrated Oil
BOX,,4648464375.999999,Technology Services,Information Technology Services
BOW,,1065400915.0,Finance,Multi-Line Insurance
BOOT,,5256447698.0,Retail Trade,Apparel/Footwear Retail
BOKF,,6458434828.999999,Finance,Major Banks
BOH/PB,,2460813528.0,Finance,Regional Banks
BOH/PA,,2460813528.0,Finance,Regional Banks
BOH,,2460813528.0,Finance,Regional Banks
BNTX,,25842206865.0,Health Technology,Biotechnology
BNT,,16229755860.342793,Finance,Multi-Line Insurance
BNS,,69266311130.92982,Finance,Major Banks
BNL,,3070662408.0,Finance,Real Estate Investment Trusts
BN,,110553761657.03154,Finance,Investment Managers
BMY,,88139352700.0,Health Technology,Pharmaceuticals: Major
BMRN,,11094221944.0,Health Technology,Biotechnology
BMO,,79745493770.81207,Finance,Major Banks
BMNR,,3890466346.0,Finance,Financial Conglomerates
BML/PL,,356031780860.0,Finance,Major Banks
BML/PJ,,356031780860.0,Finance,Major Banks
BML/PH,,356031780860.0,Finance,Major Banks
BML/PG,,356031780860.0,Finance,Major Banks
BMI,,5562532249.0,Producer Manufacturing,Industrial Machinery
BMA,,4393409315.373288,Finance,Major Banks
BLX,,1401748259.0,Finance,Major Banks
BLTE,,2115736477.0,Health Technology,Pharmaceuticals: Major
BLKB,,3270478673.0,Technology Services,Packaged Software
BLK,,171349920495.0,Finance,Investment Managers
BLFS,,1016976714.0,Health Technology,Medical Specialties
BLDR,,14049749261.0,Retail Trade,Home Improvement Chains
BLD,,10589395257.0,Industrial Services,Engineering & Construction
BLCO,,4823190672.0,Health Technology,Medical Specialties
BLBD,,1413816650.0,Consumer Durables,Motor Vehicles
BL,,3351576688.0,Technology Services,Packaged Software
BKV,,1748380787.9999998,Energy Minerals,Integrated Oil
BKU,,2742978876.0000005,Finance,Major Banks
BKR,,44413854973.0,Industrial Services,Contract Drilling
BKNG,,178385955769.0,Consumer Services,Other Consumer Services
BKH,,4189591687.000001,Utilities,Gas Distributors
BKE,,2525619226.0,Retail Trade,Apparel/Footwear Retail
BKD,,1816195873.0,Health Services,Hospital/Nursing Management
BK/PK,,71546700121.0,Finance,Investment Banks/Brokers
BK,,71546700121.0,Finance,Investment Banks/Brokers
BJ,,13984169856.0,Retail Trade,Specialty Stores
BIRK,,9408575262.0,Consumer Non-Durables,Apparel/Footwear
BIPC,,4646473963.57774,Utilities,Gas Distributors
BIP/PB,,20352458954.0,Utilities,Alternative Power Generation
BIP/PA,,20352458954.0,Utilities,Alternative Power Generation
BIP,,20352458954.0,Utilities,Alternative Power Generation
BIO.B,,6732840355.884644,Health Technology,Medical Specialties
BIO,,6581859034.000001,Health Technology,Medical Specialties
BILL,,4414712695.999999,Technology Services,Packaged Software
BILI,,9361961325.9712,Technology Services,Packaged Software
BIIB,,18755562500.0,Health Technology,Pharmaceuticals: Major
BIDU,,30220536666.15872,Technology Services,Internet Software/Services
BHVN,,1541899181.0000002,Health Technology,Pharmaceuticals: Major
BHP,,127975285810.70747,Non-Energy Minerals,Steel
BHLB,,1140905926.0,Finance,Regional Banks
BHFAP,,2747019851.0,Finance,Life/Health Insurance
BHFAO,,2747019851.0,Finance,Life/Health Insurance
BHFAN,,2747019851.0,Finance,Life/Health Insurance
BHFAM,,2747019851.0,Finance,Life/Health Insurance
BHFAL,,2747019851.0,Finance,Life/Health Insurance
BHF,,2747019851.0000005,Finance,Life/Health Insurance
BHE,,1389679136.0000002,Electronic Technology,Electronic Production Equipment
BHC,,2176649987.3488374,Health Technology,Pharmaceuticals: Other
BGM,,1556301018.0,Health Technology,Pharmaceuticals: Major
BGC,,4525367753.000001,Finance,Investment Banks/Brokers
BG,,15956522952.0,Process Industries,Agricultural Commodities/Milling
BFH,,2859180884.0,Finance,Finance/Rental/Leasing
BFC,,1171228156.0,Finance,Regional Banks
BFAM,,6475363642.0,Commercial Services,Miscellaneous Commercial Services
BF.B,,13603395230.0,Consumer Non-Durables,Beverages: Alcoholic
BF.A,,13603395230.0,Consumer Non-Durables,Beverages: Alcoholic
BEPC,,5307167127.0,Utilities,Electric Utilities
BEP/PA,,7831445286.08085,Utilities,Electric Utilities
BEP,,7827355088.18408,Utilities,Electric Utilities
BEN,,12612511229.999998,Finance,Investment Managers
BELFB,,1614460815.9999998,Electronic Technology,Electronic Components
BELFA,,1614460816.0,Electronic Technology,Electronic Components
BEKE,,21736129596.9856,Finance,Real Estate Development
BEAM,,1981980167.0,Health Technology,Biotechnology
BE,,8683027480.999998,Producer Manufacturing,Electrical Products
BDX,,51087767508.99999,Health Technology,Medical Specialties
BDJ,,1562424350.0,Miscellaneous,Investment Trusts/Mutual Funds
BDC,,4883787333.000001,Producer Manufacturing,Electrical Products
BCS,,69129373095.1826,Finance,Investment Banks/Brokers
BCRX,,1703297308.0,Health Technology,Biotechnology
BCPC,,4973160067.0,Consumer Non-Durables,Food: Specialty/Candy
BCO,,3668279180.000001,Commercial Services,Miscellaneous Commercial Services
BCH,,13859090120.290304,Finance,Major Banks
BCE,,21506168787.82209,Communications,Major Telecommunications
BCC,,3153743442.0,Distribution Services,Wholesale Distributors
BC/PC,,3808132562.0,Producer Manufacturing,Trucks/Construction/Farm Machinery
BC/PA,,3808132562.0,Producer Manufacturing,Trucks/Construction/Farm Machinery
BC,,3808132562.0,Producer Manufacturing,Trucks/Construction/Farm Machinery
BBY,,13750215457.0,Retail Trade,Electronics/Appliance Stores
BBWI,,6128277567.0,Retail Trade,Specialty Stores
BBVA,,96082892701.99728,Finance,Major Banks
BBUC,,2971244085.6975107,Industrial Services,Engineering & Construction
BBU,,2158440086.084609,Commercial Services,Miscellaneous Commercial Services
BBSI,,1180519378.0,Commercial Services,Personnel Services
BBN,,1000420575.0,Miscellaneous,Investment Trusts/Mutual Funds
BBIO,,8975661818.0,Health Technology,Biotechnology
BBDO,,27337955131.9966,Finance,Major Banks
BBD,,27337955131.9966,Finance,Major Banks
BBAR,,3211526027.186154,Finance,Major Banks
BBAI,,1849048930.0,Technology Services,Packaged Software
BB,,2193818920.4294114,Technology Services,Packaged Software
BAX,,11166679883.0,Health Technology,Medical Specialties
BATRK,,2771784602.0,Consumer Services,Movies/Entertainment
BATRA,,2771784602.0,Consumer Services,Movies/Entertainment
BASE,,1340046104.0,Technology Services,Packaged Software
BAP,,18849343826.0,Finance,Major Banks
BANR,,2146555534.0,Finance,Regional Banks
BANF,,4139394977.0,Finance,Regional Banks
BANC/PF,,2285569280.0,Finance,Regional Banks
BANC,,2285569280.0000005,Finance,Regional Banks
BAM,,99446855118.57092,Finance,Investment Managers
BALL,,15884926213.000002,Process Industries,Containers/Packaging
BAK,,1267623896.3037002,Process Industries,Chemicals: Specialty
BAH,,13228281881.0,Commercial Services,Miscellaneous Commercial Services
BAC/PS,,356031780860.0,Finance,Major Banks
BAC/PQ,,356031780860.0,Finance,Major Banks
BAC/PP,,356031780860.0,Finance,Major Banks
BAC/PO,,356031780860.0,Finance,Major Banks
BAC/PN,,356031780860.0,Finance,Major Banks
BAC/PM,,356031780860.0,Finance,Major Banks
BAC/PL,,356031780860.0,Finance,Major Banks
BAC/PK,,356031780860.0,Finance,Major Banks
BAC/PE,,356031780860.0,Finance,Major Banks
BAC/PB,,356031780860.0,Finance,Major Banks
BAC,,356031780860.0,Finance,Major Banks
BABA,,281135214575.6551,Retail Trade,Internet Retail
BA/PA,,167746024692.0,Electronic Technology,Aerospace & Defense
BA,,167746024692.00003,Electronic Technology,Aerospace & Defense
B,,36314953125.34975,Non-Energy Minerals,Precious Metals
AZZ,,3286536962.0000005,Process Industries,Industrial Specialties
AZTA,,1497004249.0000002,Health Services,Medical/Nursing Services
AZO,,63040149262.00001,Retail Trade,Specialty Stores
AZN,,231771723091.442,Health Technology,Pharmaceuticals: Major
AYI,,9541268821.0,Producer Manufacturing,Electrical Products
AXTA,,6133380080.0,Process Industries,Industrial Specialties
AXSM,,4991582291.0,Health Technology,Biotechnology
AXS/PE,,7335846064.0,Finance,Multi-Line Insurance
AXS,,7335846063.999999,Finance,Multi-Line Insurance
AXP,,208284518495.0,Finance,Finance/Rental/Leasing
AXON,,58815511328.0,Electronic Technology,Aerospace & Defense
AX,,4867816135.0,Finance,Major Banks
AWR,,2833859962.0,Utilities,Water Utilities
AWK,,27360622638.000004,Utilities,Water Utilities
AWI,,8139920120.999999,Producer Manufacturing,Miscellaneous Manufacturing
AVY,,13082971733.0,Process Industries,Pulp & Paper
AVTR,,9158414714.0,Distribution Services,Medical Distributors
AVT,,4439406144.0,Distribution Services,Electronics Distributors
AVPT,,4042653882.0,Technology Services,Packaged Software
AVNT,,2889688021.0,Process Industries,Chemicals: Major Diversified
AVGO,,1381409546331.0,Electronic Technology,Semiconductors
AVDX,,2035557330.0,Technology Services,Packaged Software
AVDL,,1018345268.0,Health Technology,Pharmaceuticals: Major
AVB,,26520344270.0,Finance,Real Estate Investment Trusts
AVAV,,13206027096.0,Electronic Technology,Aerospace & Defense
AVAL,,3294806842.0789967,Finance,Major Banks
AVA,,3005020744.9999995,Utilities,Electric Utilities
AUR,,10719653442.999998,Technology Services,Packaged Software
AUPH,,1249039181.0,Health Technology,Biotechnology
AUGO,,2013689975.8079555,Non-Energy Minerals,Precious Metals
AUB/PA,,4516251261.0,Finance,Regional Banks
AUB,,4516251261.000001,Finance,Regional Banks
AU,,23288126945.0,Non-Energy Minerals,Precious Metals
ATUS,,1216089260.0,Communications,Major Telecommunications
ATS,,2963203968.5457788,Producer Manufacturing,Industrial Machinery
ATRO,,1279011113.0,Electronic Technology,Aerospace & Defense
ATRC,,1744519491.9999998,Health Technology,Medical Specialties
ATR,,10377634801.999998,Process Industries,Containers/Packaging
ATO,,24765841833.0,Utilities,Gas Distributors
ATMU,,3216453316.0,Producer Manufacturing,Auto Parts: OEM
ATKR,,2591846404.0,Producer Manufacturing,Electrical Products
ATI,,10853740040.0,Non-Energy Minerals,Other Metals/Minerals
ATHM,,3204635173.88288,Technology Services,Internet Software/Services
ATGE,,4105487805.0,Consumer Services,Other Consumer Services
ATEN,,1327726848.9999998,Technology Services,Information Technology Services
ATEC,,1546507144.0,Health Technology,Medical Specialties
ATAT,,4673448832.0,Consumer Services,Hotels/Resorts/Cruise lines
ASX,,22156139092.85362,Electronic Technology,Semiconductors
ASTS,,18259403194.0,Communications,Specialty Telecommunications
ASTH,,1191303806.0,Health Services,Services to the Health Industry
ASR,,9081962013.107498,Transportation,Other Transportation
ASO,,3376302821.0000005,Retail Trade,Specialty Stores
ASND,,10474803985.0,Health Technology,Pharmaceuticals: Major
ASML,,271336891389.1093,Electronic Technology,Semiconductors
ASH,,2356599129.0,Consumer Non-Durables,Food: Specialty/Candy
ASGN,,2196131934.9999995,Technology Services,Information Technology Services
ASB/PF,,4103080415.000001,Finance,Major Banks
ASB/PE,,4103080415.000001,Finance,Major Banks
ASB,,4103080415.000001,Finance,Major Banks
ASAN,,3454529646.0,Technology Services,Packaged Software
AS,,20791354455.0,Consumer Durables,Recreational Products
ARX,,6058430027.639999,Technology Services,Internet Software/Services
ARWR,,2181986872.9999995,Health Technology,Biotechnology
ARW,,6017382736.0,Distribution Services,Electronics Distributors
ARR/PC,,1493898120.0,Finance,Real Estate Investment Trusts
ARR,,1493898120.0,Finance,Real Estate Investment Trusts
ARQT,,1737961197.0,Health Technology,Pharmaceuticals: Major
AROC,,4130262759.0,Industrial Services,Oilfield Services/Equipment
ARMN,,1237794993.5181348,Non-Energy Minerals,Precious Metals
ARMK,,11153732342.0,Consumer Services,Restaurants
ARM,,149716125000.0,Electronic Technology,Semiconductors
ARLP,,3400774024.0,Energy Minerals,Coal
ARLO,,1675095553.0000002,Electronic Technology,Telecommunications Equipment
ARIS,,1257803397.0,Utilities,Water Utilities
ARI,,1336639652.0,Finance,Real Estate Investment Trusts
ARHS,,1234579445.0,Consumer Durables,Home Furnishings
ARGX,,41528601542.18034,Health Technology,Biotechnology
ARES/PB,,39884040848.0,Finance,Investment Managers
ARES,,39884040848.0,Finance,Investment Managers
ARE,,13219252896.0,Finance,Real Estate Investment Trusts
ARDX,,1014442072.0,Health Technology,Pharmaceuticals: Major
ARDT,,1516262802.0,Health Services,Hospital/Nursing Management
ARCO,,1400909339.0000002,Consumer Services,Restaurants
ARCC,,15962464385.999998,Finance,Investment Managers
ARCB,,1675507260.0,Transportation,Trucking
AR,,10790959916.0,Energy Minerals,Oil & Gas Production
AQNB,,4527788287.688609,Utilities,Electric Utilities
AQN,,4530198583.684211,Utilities,Electric Utilities
APTV,,14945020289.0,Producer Manufacturing,Electrical Products
APPN,,2049439772.0,Technology Services,Packaged Software
APPF,,9633252730.000002,Technology Services,Information Technology Services
APP,,132207744168.0,Technology Services,Packaged Software
APOS,,83049550441.0,Finance,Investment Managers
APO/PA,,83049550441.0,Finance,Investment Managers
APO,,83049550440.99998,Finance,Investment Managers
APLS,,2807741676.0,Health Technology,Pharmaceuticals: Major
APLE,,2795493462.0,Finance,Real Estate Investment Trusts
APLD,,3436370339.0,Technology Services,Data Processing Services
APH,,130040313504.00002,Electronic Technology,Electronic Components
APGE,,2277772839.0000005,Health Technology,Biotechnology
APG,,15122706223.0,Industrial Services,Engineering & Construction
APD,,64066031131.99999,Process Industries,Chemicals: Specialty
APAM,,3650009453.0,Finance,Investment Managers
APA,,6960702759.0,Energy Minerals,Integrated Oil
AOS,,9919773299.0,Producer Manufacturing,Building Products
AORT,,1319943093.0,Health Technology,Medical Specialties
AON,,76700531389.0,Finance,Insurance Brokers/Services
ANIP,,1372283463.0,Health Technology,Biotechnology
ANF,,4574711251.0,Retail Trade,Apparel/Footwear Retail
ANET,,154754634805.0,Electronic Technology,Computer Peripherals
ANDE,,1228025899.0,Commercial Services,Miscellaneous Commercial Services
AN,,7263687003.0,Retail Trade,Specialty Stores
AMZN,,2485394070777.0,Retail Trade,Internet Retail
AMX,,55186794883.52114,Communications,Wireless Telecommunications
AMTM,,6075761759.0,Electronic Technology,Aerospace & Defense
AMTD,,1110340461.9003005,Finance,Investment Banks/Brokers
AMT,,97578871597.0,Finance,Real Estate Investment Trusts
AMSC,,2567398620.9999995,Producer Manufacturing,Electrical Products
AMRZ,,28255861783.0,Non-Energy Minerals,Construction Materials
AMRX,,2450941217.9999995,Health Technology,Pharmaceuticals: Major
AMR,,1541130376.0,Energy Minerals,Coal
AMPL,,1600767342.0000002,Technology Services,Packaged Software
AMP,,49343436382.0,Finance,Investment Banks/Brokers
AMKR,,5575547446.0,Electronic Technology,Semiconductors
AMH/PH,,12840874513.0,Finance,Real Estate Investment Trusts
AMH/PG,,12840874513.0,Finance,Real Estate Investment Trusts
AMH,,12840874513.0,Finance,Real Estate Investment Trusts
AMGN,,158677078032.0,Health Technology,Biotechnology
AMG,,5966370653.0,Finance,Investment Managers
AMED,,3242628913.9999995,Health Services,Medical/Nursing Services
AME,,42677981332.00001,Producer Manufacturing,Electrical Products
AMD,,285869787624.0,Electronic Technology,Semiconductors
AMCR,,21554960376.0,Process Industries,Containers/Packaging
AMC,,1256116350.0,Consumer Services,Movies/Entertainment
AMBP,,2366890379.0,Process Industries,Containers/Packaging
AMBA,,2803146748.0000005,Electronic Technology,Semiconductors
AMAT,,144497818341.00003,Producer Manufacturing,Industrial Machinery
AM,,8780493662.0,Industrial Services,Oil & Gas Pipelines
ALX,,1282900255.0,Finance,Real Estate Investment Trusts
ALVO,,2734359720.0,Health Technology,Biotechnology
ALV,,8567845676.999999,Producer Manufacturing,Auto Parts: OEM
ALSN,,7588829023.0,Producer Manufacturing,Auto Parts: OEM
ALRM,,2717405962.0,Technology Services,Packaged Software
ALNY,,51143543651.00001,Health Technology,Pharmaceuticals: Major
ALLY,,11626561267.999998,Finance,Regional Banks
ALLE,,14243655619.0,Consumer Durables,Tools & Hardware
ALL/PJ,,53557460472.0,Finance,Multi-Line Insurance
ALL/PI,,53557460472.0,Finance,Multi-Line Insurance
ALL/PH,,53557460472.0,Finance,Multi-Line Insurance
ALL/PB,,53557460472.0,Finance,Multi-Line Insurance
ALL,,53557460472.0,Finance,Multi-Line Insurance
ALKT,,2296315309.0000005,Technology Services,Packaged Software
ALKS,,4372915856.0,Health Technology,Pharmaceuticals: Major
ALK,,6105017310.000001,Transportation,Airlines
ALIT,,2885048173.0000005,Technology Services,Information Technology Services
ALHC,,2728872885.0000005,Health Services,Managed Health Care
ALGN,,9351268861.0,Health Technology,Medical Specialties
ALGM,,5808506300.0,Electronic Technology,Semiconductors
ALG,,2690982704.0,Producer Manufacturing,Trucks/Construction/Farm Machinery
ALEX,,1308103815.0,Finance,Real Estate Investment Trusts
ALE,,3822775307.0,Utilities,Alternative Power Generation
ALC,,43748735882.57032,Health Technology,Medical Specialties
ALB/PA,,7983292670.0,Process Industries,Chemicals: Specialty
ALB,,7983292670.000001,Process Industries,Chemicals: Specialty
ALAB,,22549074601.0,Electronic Technology,Semiconductors
AL,,6191456105.0,Finance,Finance/Rental/Leasing
AKRO,,3894203048.0,Health Technology,Pharmaceuticals: Major
AKR,,2452564707.0,Finance,Real Estate Investment Trusts
AKO.B,,3262621463.2499194,Consumer Non-Durables,Beverages: Non-Alcoholic
AKO.A,,3262621463.2499194,Consumer Non-Durables,Beverages: Non-Alcoholic
AKAM,,11157008128.999998,Technology Services,Data Processing Services
AJG,,73564726753.0,Finance,Insurance Brokers/Services
AIZN,,9496545424.0,Finance,Property/Casualty Insurance
AIZ,,9496545424.0,Finance,Property/Casualty Insurance
AIV,,1191761373.0,Finance,Real Estate Investment Trusts
AIT,,10339979897.0,Distribution Services,Wholesale Distributors
AIR,,2678173521.0000005,Electronic Technology,Aerospace & Defense
AIN,,1598604959.0,Process Industries,Textiles
AIG,,44740516596.00001,Finance,Multi-Line Insurance
AI,,3083672688.9999995,Technology Services,Packaged Software
AHR,,6240398992.0,Finance,Real Estate Investment Trusts
AHL/PF,,2901173922.0,Finance,Multi-Line Insurance
AHL/PE,,2901173922.0,Finance,Multi-Line Insurance
AHL/PD,,2901173922.0,Finance,Multi-Line Insurance
AHL,,2901173922.0,Finance,Multi-Line Insurance
AHCO,,1210482757.0,Finance,Finance/Rental/Leasing
AGYS,,3199122126.0000005,Technology Services,Packaged Software
AGX,,3341726513.0000005,Industrial Services,Engineering & Construction
AGO,,4152129097.0,Finance,Specialty Insurance
AGNCP,,9622140015.0,Finance,Real Estate Investment Trusts
AGNCO,,9622140015.0,Finance,Real Estate Investment Trusts
AGNCN,,9622140015.0,Finance,Real Estate Investment Trusts
AGNCM,,9622140015.0,Finance,Real Estate Investment Trusts
AGNCL,,9622140015.0,Finance,Real Estate Investment Trusts
AGNC,,9622140015.0,Finance,Real Estate Investment Trusts
AGM/PG,,1837823324.0,Finance,Finance/Rental/Leasing
AGM/PF,,1837823324.0,Finance,Finance/Rental/Leasing
AGM/PE,,1837823324.0,Finance,Finance/Rental/Leasing
AGM/PD,,1837823324.0,Finance,Finance/Rental/Leasing
AGM.A,,1837823324.0,Finance,Finance/Rental/Leasing
AGM,,1837823324.0,Finance,Finance/Rental/Leasing
AGIO,,2155603787.9999995,Health Technology,Pharmaceuticals: Major
AGI,,10219738644.074844,Non-Energy Minerals,Precious Metals
AGCO,,8799004842.000002,Producer Manufacturing,Trucks/Construction/Farm Machinery
AG,,3852494270.117967,Non-Energy Minerals,Precious Metals
AFYA,,1238326800.0,Consumer Services,Other Consumer Services
AFRM,,22117453057.0,Finance,Finance/Rental/Leasing
AFL,,53718489471.0,Finance,Multi-Line Insurance
AFGE,,10431396140.0,Finance,Property/Casualty Insurance
AFGD,,10431396140.0,Finance,Property/Casualty Insurance
AFGC,,10431396140.0,Finance,Property/Casualty Insurance
AFGB,,10431396140.0,Finance,Property/Casualty Insurance
AFG,,10431396140.000002,Finance,Property/Casualty Insurance
AEVA,,1025622051.0,Electronic Technology,Semiconductors
AESI,,1607279922.0,Industrial Services,Oilfield Services/Equipment
AES,,9361784424.0,Utilities,Electric Utilities
AER,,18936763435.0,Finance,Finance/Rental/Leasing
AEP,,60506676418.0,Utilities,Electric Utilities
AEO,,1871296963.0,Retail Trade,Apparel/Footwear Retail
AEM,,62868877551.434,Non-Energy Minerals,Precious Metals
AEIS,,5231085885.0,Electronic Technology,Electronic Production Equipment
AEG,,11168099318.392233,Finance,Multi-Line Insurance
AEE,,27978841447.0,Utilities,Electric Utilities
ADX,,2567440800.0,Miscellaneous,Investment Trusts/Mutual Funds
ADUS,,1964660083.0,Health Services,Medical/Nursing Services
ADT,,6483999030.0,Commercial Services,Miscellaneous Commercial Services
ADSK,,64848724658.0,Technology Services,Packaged Software
ADPT,,1555627152.9999998,Health Technology,Biotechnology
ADP,,125633094222.99998,Technology Services,Packaged Software
ADNT,,1801316800.0,Producer Manufacturing,Auto Parts: OEM
ADMA,,4464330712.0,Health Technology,Biotechnology
ADM,,26030781808.0,Process Industries,Agricultural Commodities/Milling
ADI,,111472235468.0,Electronic Technology,Semiconductors
ADEA,,1405073102.0000002,Technology Services,Packaged Software
ADC/PA,,7888329488.0,Finance,Real Estate Investment Trusts
ADC,,7888329488.0,Finance,Real Estate Investment Trusts
ADBE,,151732103402.0,Technology Services,Packaged Software
ACVA,,2430830872.0,Technology Services,Internet Software/Services
ACT,,5216303785.999999,Finance,Multi-Line Insurance
ACN,,166363949590.00003,Technology Services,Information Technology Services
ACMR,,1938926275.0,Producer Manufacturing,Industrial Machinery
ACM,,14915570872.0,Industrial Services,Engineering & Construction
ACLX,,3934067616.0,Health Technology,Biotechnology
ACLS,,2174848348.0,Producer Manufacturing,Industrial Machinery
ACIW,,4464529272.0,Technology Services,Packaged Software
ACI,,10760248107.0,Retail Trade,Food Retail
ACHR,,6359130636.0,Electronic Technology,Aerospace & Defense
ACHC,,2005499506.0,Health Services,Medical/Nursing Services
ACGLO,,32251372784.0,Finance,Multi-Line Insurance
ACGLN,,32251372784.0,Finance,Multi-Line Insurance
ACGL,,32251372784.0,Finance,Multi-Line Insurance
ACEL,,1088486944.0,Consumer Services,Movies/Entertainment
ACDC,,1124452620.0,Industrial Services,Oilfield Services/Equipment
ACAD,,3988232799.0,Health Technology,Pharmaceuticals: Major
ACA,,4192325316.000001,Non-Energy Minerals,Construction Materials
ABVX,,5519604638.22336,Health Technology,Pharmaceuticals: Other
ABT,,219628523487.0,Health Technology,Medical Specialties
ABR/PF,,2144508166.0,Finance,Real Estate Investment Trusts
ABR/PE,,2144508166.0,Finance,Real Estate Investment Trusts
ABR/PD,,2144508166.0,Finance,Real Estate Investment Trusts
ABR,,2144508166.0,Finance,Real Estate Investment Trusts
ABNB,,82943317949.0,Consumer Services,Hotels/Resorts/Cruise lines
ABM,,2871962636.0,Commercial Services,Miscellaneous Commercial Services
ABG,,4367020996.0,Retail Trade,Specialty Stores
ABEV,,34967520477.9966,Consumer Non-Durables,Beverages: Alcoholic
ABCL,,1334226321.0000002,Health Technology,Biotechnology
ABCB,,4710061221.0,Finance,Regional Banks
ABBV,,333885493931.0,Health Technology,Pharmaceuticals: Major
AB,,4512895573.0,Finance,Investment Managers
AAUC,,1487237267.4510136,Non-Energy Minerals,Precious Metals
AAT,,1163393978.0,Finance,Real Estate Investment Trusts
AAPL,,3100229547889.0,Electronic Technology,Telecommunications Equipment
AAPG,,3382675132.5318394,Health Technology,Pharmaceuticals: Major
AAP,,3180253500.0,Retail Trade,Specialty Stores
AAON,,6794072880.0,Producer Manufacturing,Industrial Machinery
AAOI,,1283901942.0,Electronic Technology,Semiconductors
AAMI,,1495884484.0,Finance,Investment Managers
AAL,,7581432719.000001,Transportation,Airlines
AA,,7759303064.0,Non-Energy Minerals,Aluminum
A,,32613470703.0,Health Technology,Medical Specialties
